﻿<OpenToolbar>
  <!-- Tên DLL phải trùng với tên file DLL build -->
  <assembly name="MyNXAddin.dll"/>

  <!-- Tab ribbon tùy chỉnh -->
  <tab name="Custom ADDIN" environments="all">
    <!-- Nhóm Fillet Tools -->
    <group name="Fillet Tools" environments="all">
      <!-- Nút Bo cạnh -->
      <button
        name="FilletBtn"
        text="Bo cạnh"
        OnCommand="NXAddinEntry.ShowFilletForm"
        image="fillet_icon.png"
        environments="all"
      />
      <!-- Nút Vát cạnh -->
      <button
        name="ChamferBtn"
        text="Vát cạnh"
        OnCommand="NXAddinEntry.ShowChamferForm"
        image="chamfer_icon.png"
        environments="all"
      />
    </group>
    <!-- Nhóm Drawing Tools -->
    <group name="Drawing Tools" environments="all">
      <!-- Nút Xuất bản vẽ -->
      <button
        name="DrawingBtn"
        text="Xuất bản vẽ"
        OnCommand="NXAddinEntry.ShowDrawingForm"
        image="drawing_icon.png"
        environments="all"
      />
      <!-- Nút Xuất PDF -->
      <button
        name="ExportPDFBtn"
        text="Xuất PDF"
        OnCommand="NXAddinEntry.ExportPDF"
        image="pdf_icon.png"
        environments="all"
      />
    </group>
    <!-- Nhóm Doosan CAD -->
    <group name="Doosan CAD" environments="all">
      <!-- Nút Thông tin phần mềm -->
      <button
        name="AboutBtn"
        text="Thông tin phần mềm"
        OnCommand="NXAddinEntry.ShowAbout"
        image="doosan_icon.png"
        environments="all"
      />
    </group>
  </tab>
</OpenToolbar>
